{"cameraMode":{"drawMode":0,"name":"Shaded","section":"Shading Mode"},"sceneLighting":false,"audioPlay":false,"sceneViewState":{"showFog":true,"showMaterialUpdate":false,"showSkybox":false,"showFlares":true,"showImageEffects":true,"showParticleSystems":true},"in2DMode":false,"pivot":{"x":-1.5619853734970093,"y":1.4362488985061646,"z":-3.0664005279541017},"rotation":{"x":0.06672845780849457,"y":-0.8999446034431458,"z":0.1484663188457489,"w":0.4044821262359619},"size":10.174538612365723,"orthographic":false}